Phase,Num_Images,Top-1 Accuracy,Top-5 Accuracy
0,6030,0.7100756764411926,0.9788928627967834
1,8040,0.7797690033912659,0.9944245219230652
2,10050,0.8028674125671387,0.9940263032913208
3,12060,0.8148148059844971,0.9976105093955994
4,14070,0.8187972903251648,0.9980087876319885
