Phase,Num_Images,Top-1 Accuracy,Top-5 Accuracy
0,6027,0.7136037945747375,0.9805091619491577
1,8036,0.7915672063827515,0.9964200258255005
2,10045,0.8090692162513733,0.9976133704185486
3,12054,0.8202068209648132,0.999602198600769
4,14063,0.8496419787406921,0.999602198600769
